Workbook

Sheet 测试程序
A1: 1 | B1: FFB/6 | C1: QF5/1 | D1: 16564364_A | E1: C0262511-A HE25旁路变频 | I1: =VLOOKUP(B1,针点!A:B,2,0) -> 311 | J1: =VLOOKUP(C1,针点!A:B,2,0) -> 298
A2: 2 | B2: 12/A2 | C2: 10VX/A2 | D2: 16564364_A | E2: C0262511-A HE25旁路变频 | I2: =VLOOKUP(B2,针点!A:B,2,0) -> 265 | J2: =VLOOKUP(C2,针点!A:B,2,0) -> 259
A3: 3 | B3: 11/A2 | C3: 12/A2 | D3: 16564364_A | E3: C0262511-A HE25旁路变频 | I3: =VLOOKUP(B3,针点!A:B,2,0) -> 271 | J3: =VLOOKUP(C3,针点!A:B,2,0) -> 265
A4: 4 | B4: 10/A2 | C4: 11/A2 | D4: 16564364_A | E4: C0262511-A HE25旁路变频 | I4: =VLOOKUP(B4,针点!A:B,2,0) -> 277 | J4: =VLOOKUP(C4,针点!A:B,2,0) -> 271
A5: 5 | B5: 10/A2 | C5: 15B/A2 | D5: 16564364_A | E5: C0262511-A HE25旁路变频 | I5: =VLOOKUP(B5,针点!A:B,2,0) -> 277 | J5: =VLOOKUP(C5,针点!A:B,2,0) -> 292
A6: 6 | B6: CMPU/E | C6: GE/1 | D6: 16564364_A | E6: C0262511-A HE25旁路变频 | I6: =VLOOKUP(B6,针点!A:B,2,0) -> 1 | J6: =VLOOKUP(C6,针点!A:B,2,0) -> 2
A7: 7 | B7: 10/22 | C7: 11/22 | D7: 16564364_A | E7: C0262511-A HE25旁路变频 | I7: =VLOOKUP(B7,针点!A:B,2,0) -> 278 | J7: =VLOOKUP(C7,针点!A:B,2,0) -> 272
A8: 8 | B8: 11/22 | C8: 12/22 | D8: 16564364_A | E8: C0262511-A HE25旁路变频 | I8: =VLOOKUP(B8,针点!A:B,2,0) -> 272 | J8: =VLOOKUP(C8,针点!A:B,2,0) -> 266
A9: 9 | B9: 12/22 | C9: 10VX/14 | D9: 16564364_A | E9: C0262511-A HE25旁路变频 | I9: =VLOOKUP(B9,针点!A:B,2,0) -> 266 | J9: =VLOOKUP(C9,针点!A:B,2,0) -> 261
A10: 10 | B10: RST/1 | C10: FFB/2 | D10: 16564364_A | E10: C0262512-A HE25旁路变频 | I10: =VLOOKUP(B10,针点!A:B,2,0) -> 130 | J10: =VLOOKUP(C10,针点!A:B,2,0) -> 307
A11: 11 | B11: RST/3 | C11: FFB/4 | D11: 16564364_A | E11: C0262512-A HE25旁路变频 | I11: =VLOOKUP(B11,针点!A:B,2,0) -> 132 | J11: =VLOOKUP(C11,针点!A:B,2,0) -> 309
A12: 12 | B12: RST/5 | C12: QF5/1 | D12: 16564364_A | E12: C0262512-A HE25旁路变频 | I12: =VLOOKUP(B12,针点!A:B,2,0) -> 134 | J12: =VLOOKUP(C12,针点!A:B,2,0) -> 298
... A2391: 307 | B2391: 15B/A2 | C2391: 15E/A2 | D2391: 16573108_A | E2391: C0299829-G HM21单主机抱闸+ABS | I2391: =VLOOKUP(B2391,针点!A:B,2,0) -> 292 | J2391: =VLOOKUP(C2391,针点!A:B,2,0) -> 284

Sheet 测试程序删除NA
A1: 1 | B1: FFB/6 | C1: QF5/1 | D1: C0262511-A HE25旁路变频/C0262511-B 选配电能表⑨ | I1: =VLOOKUP(B1,针点!A:B,2,0) -> 311 | J1: =VLOOKUP(C1,针点!A:B,2,0) -> 298
A2: 2 | B2: 12/A2 | C2: 10VX/A2 | D2: C0262511-A HE25旁路变频/C0262511-B 选配电能表⑨ | I2: =VLOOKUP(B2,针点!A:B,2,0) -> 265 | J2: =VLOOKUP(C2,针点!A:B,2,0) -> 259
A3: 3 | B3: 11/A2 | C3: 12/A2 | D3: C0262511-A HE25旁路变频/C0262511-B 选配电能表⑨ | I3: =VLOOKUP(B3,针点!A:B,2,0) -> 271 | J3: =VLOOKUP(C3,针点!A:B,2,0) -> 265
A4: 4 | B4: 10/A2 | C4: 11/A2 | D4: C0262511-A HE25旁路变频/C0262511-B 选配电能表⑨ | I4: =VLOOKUP(B4,针点!A:B,2,0) -> 277 | J4: =VLOOKUP(C4,针点!A:B,2,0) -> 271
A5: 5 | B5: 10/A2 | C5: 15B/A2 | D5: C0262511-A HE25旁路变频/C0262511-B 选配电能表⑨ | I5: =VLOOKUP(B5,针点!A:B,2,0) -> 277 | J5: =VLOOKUP(C5,针点!A:B,2,0) -> 292
A6: 6 | B6: CMPU/E | C6: GE/1 | D6: C0262511-A HE25旁路变频/C0262511-B 选配电能表⑨ | I6: =VLOOKUP(B6,针点!A:B,2,0) -> 1 | J6: =VLOOKUP(C6,针点!A:B,2,0) -> 2
A7: 7 | B7: 10/22 | C7: 11/22 | D7: C0262511-A HE25旁路变频/C0262511-B 选配电能表⑨ | I7: =VLOOKUP(B7,针点!A:B,2,0) -> 278 | J7: =VLOOKUP(C7,针点!A:B,2,0) -> 272
A8: 8 | B8: 11/22 | C8: 12/22 | D8: C0262511-A HE25旁路变频/C0262511-B 选配电能表⑨ | I8: =VLOOKUP(B8,针点!A:B,2,0) -> 272 | J8: =VLOOKUP(C8,针点!A:B,2,0) -> 266
A9: 9 | B9: 12/22 | C9: 10VX/14 | D9: C0262511-A HE25旁路变频/C0262511-B 选配电能表⑨ | I9: =VLOOKUP(B9,针点!A:B,2,0) -> 266 | J9: =VLOOKUP(C9,针点!A:B,2,0) -> 261
A10: 12 | B10: RST/1 | C10: FFB/2 | D10: C0262512-A HE25旁路变频 | I10: =VLOOKUP(B10,针点!A:B,2,0) -> 130 | J10: =VLOOKUP(C10,针点!A:B,2,0) -> 307
A11: 13 | B11: RST/3 | C11: FFB/4 | D11: C0262512-A HE25旁路变频 | I11: =VLOOKUP(B11,针点!A:B,2,0) -> 132 | J11: =VLOOKUP(C11,针点!A:B,2,0) -> 309
A12: 14 | B12: RST/5 | C12: QF5/1 | D12: C0262512-A HE25旁路变频 | I12: =VLOOKUP(B12,针点!A:B,2,0) -> 134 | J12: =VLOOKUP(C12,针点!A:B,2,0) -> 298
... A161: 227 | B161: 15B/A2 | C161: 15E/A2 | D161: C0299829-G HM21单主机抱闸+ABS⑩ | I161: =VLOOKUP(B161,针点!A:B,2,0) -> 292 | J161: =VLOOKUP(C161,针点!A:B,2,0) -> 284

Sheet 针点
A1: CMPU/E | B1: 1
A2: GE/1 | B2: 2
A3: CANA/1 | B3: 3
A4: CANA/2 | B4: 4
A5: CANA/3 | B5: 5
A6: CANB/1 | B6: 6
A7: CANB/2 | B7: 7
A8: CANB/3 | B8: 8
A9: PWA/1 | B9: 9
A10: PWA/2 | B10: 10
A11: PWA/3 | B11: 11
A12: PWA/4 | B12: 12
... A406: PJ/22 | B406: 399

Sheet 大线裁线卡
A1: HE25控制柜散线裁/配线卡小批量 | G1: HE25控制柜散线裁/配线卡小批量 | M1: HE25控制柜散线裁/配线卡小批量 | S1: HE25控制柜散线裁/配线卡小批量
A2: 线号 | C2: 1 | D2: 数量 | E2: 2 | G2: 线号 | I2: 2 | J2: 数量 | K2: 8 | M2: 线号 | O2: 3 | P2: 数量 | Q2: 2 | S2: 线号 | U2: 4 | V2: 数量 | W2: 3
A3: 线径 | B3: 红RV-105/6mm² | D3: 长度 | E3: 80 | G3: 线径 | H3: 红RV-105/6mm² | J3: 长度 | K3: 100 | M3: 线径 | N3: 红RV-105/6mm² | P3: 长度 | Q3: 130 | S3: 线径 | T3: 红RV-105/4mm² | V3: 长度 | W3: 240
A4: 端子 | B4: SNB5.5-5-SNB5.5-5 | G4: 端子 | H4: SNB5.5-5-SNB5.5-5 | M4: 端子 | N4: SNB5.5-5-SNB5.5-5 | S4: 端子 | T4: 半剥8mm-SNB5.5-5
A5: 坐标 | B5: 11/6-12/2 10VX/2-12/6 | G5: 坐标 | H5: 10/1-11/1 10/3-11/3 10/5-11/5 11/1-12/1 11/3-12/3 11/5-12/5 11/4-12/4 10VX/4-12/4 | M5: 坐标 | N5: 11/2-12/6 10VX/6-12/2 | S5: 坐标 | T5: INV/U-10VX/1 INV/V-10VX/3 INV/W-10VX/5
A7: 作业 | B7: C0262511-A | G7: 作业 | H7: C0262511-A | M7: 作业 | N7: C0262511-A | S7: 作业 | T7: C0262511-A
A9: HE25控制柜散线裁/配线卡小批量 | G9: HE25控制柜散线裁/配线卡小批量 | M9: HE25控制柜散线裁/配线卡小批量 | S9: HE25控制柜散线裁/配线卡小批量
A10: 线号 | C10: =C2+4 -> 5 | D10: 数量 | E10: 3 | G10: 线号 | I10: =I2+4 -> 6 | J10: 数量 | K10: 3 | M10: 线号 | O10: =O2+4 -> 7 | P10: 数量 | Q10: 3 | S10: 线号 | T10: 地线 | U10: =U2+4 -> 8 | V10: 数量 | W10: 1
A11: 线径 | B11: 红RV-105/6mm² | D11: 长度 | E11: 260 | G11: 线径 | H11: 红RV-105/4mm² | J11: 长度 | K11: 340 | M11: 线径 | N11: 红RV-105/6mm² | P11: 长度 | Q11: 350 | S11: 线径 | T11: BVR4黄绿 | V11: 长度 | W11: 500
A12: 端子 | B12: SNB5.5-5-RNB5.5-5 | G12: 端子 | H12: SNB5.5-5-半剥8mm | M12: 端子 | N12: E6012-SNB5.5-5 | S12: 端子 | T12: RNB5.5-5-RNB5.5-5
A13: 坐标 | B13: 10VX/2-T1/U 10VX/4-T1/V 10VX/6-T1/W | G13: 坐标 | H13: 10/1-INV/R 10/3-INV/S 10/5-INV/T | M13: 坐标 | N13: FFB/2-10/2 FFB/4-10/4 FFB/6-10/6 | S13: 坐标 | T13: INV/PE-E1
A15: 作业 | B15: C0262511-A | G15: 作业 | H15: C0262511-A | M15: 作业 | N15: C0262511-A | S15: 作业 | T15: C0262511-A
A17: HE25控制柜散线裁/配线卡小批量 | G17: HE25控制柜散线裁/配线卡小批量 | M17: HE25控制柜散线裁/配线卡小批量 | S17: HE25控制柜散线裁/配线卡小批量
A18: 线号 | C18: =C10+4 -> 9 | D18: 数量 | E18: 3 | G18: 线号 | H18: 蓝色 | I18: =I10+4 -> 10 | J18: 数量 | K18: 1 | M18: 线号 | O18: =O10+4 -> 11 | P18: 数量 | Q18: 1 | S18: 线号 | U18: =U10+4 -> 12 | V18: 数量 | W18: 1
A19: 线径 | B19: 红RV-105/6mm² | D19: 长度 | E19: 780 | G19: 线径 | H19: 蓝WDZB-RYJ/1.5 | J19: 长度 | K19: 780 | M19: 线径 | N19: 红RV-105/4mm² | P19: 长度 | Q19: 980 | S19: 线径 | T19: 红RV-105/4mm² | V19: 长度 | W19: 1140
A20: 端子 | B20: RNB5.5-5-E6012 | G20: 端子 | H20: RV1.25-5-半剥10mm | M20: 端子 | N20: 半剥8mm-RNB5.5-5 | S20: 端子 | T20: 半剥8mm-RNB5.5-5
A21: 坐标 | B21: T1/R-FFB/1 T1/S-FFB/3 T1/T-FFB/5 | G21: 坐标 | H21: T1/N-FFB/7 | M21: 坐标 | N21: INV/B-BR/1 | S21: 坐标 | T21: INV/+-BR/2
A23: 作业 | B23: C0262511-A | G23: 作业 | H23: C0262511-A | M23: 作业 | N23: C0262511-A | S23: 作业 | T23: C0262511-A
